Genome,Latin,Taxon ID,No_Genes,Genome_Size,plant_pathogen,animal_pathogen,mycorrhizal,endophyte,white_rot,brown_rot
_candida_auris,Candida auris,498019,7461,12498763,FALSE,TRUE,FALSE,FALSE,FALSE,FALSE
_candida_glabrata,Candida glabrata,5478,5200,12318245,FALSE,TRUE,FALSE,FALSE,FALSE,FALSE
_candida_tenuis_atcc_10573,Candida tenuis,590646,5547,10747050,FALSE,FALSE,FALSE,FALSE,FALSE,FALSE
absidia_glauca,Absidia glauca,4829,14891,48746359,FALSE,TRUE,FALSE,FALSE,FALSE,FALSE
acidomyces_richmondensis_bfw,Acidomyces richmondensis,766039,11177,29881346,FALSE,FALSE,FALSE,FALSE,FALSE,FALSE
acremonium_chrysogenum_atcc_11550,Acremonium chrysogenum,857340,8901,28590524,FALSE,TRUE,FALSE,FALSE,FALSE,FALSE
agaricus_bisporus_var_burnettii_jb137_s8,Agaricus bisporus,597362,11271,32614392,FALSE,FALSE,FALSE,FALSE,FALSE,FALSE
allomyces_macrogynus_atcc_38327,Allomyces macrogynus,578462,18774,57060573,FALSE,FALSE,FALSE,FALSE,FALSE,FALSE
alternaria_alternata,Alternaria alternata,5599,13466,32990834,TRUE,FALSE,FALSE,TRUE,FALSE,FALSE
amanita_muscaria_koide_bx008,Amanita muscaria,946122,18086,40699759,FALSE,FALSE,TRUE,FALSE,FALSE,FALSE
anncaliia_algerae_pra339,Anncaliia algerae,1288291,3598,12163397,FALSE,TRUE,FALSE,FALSE,FALSE,FALSE
anthracocystis_flocculosa_pf_1,Anthracocystis flocculosa,1277687,4425,23305380,TRUE,FALSE,FALSE,FALSE,FALSE,FALSE
arthrobotrys_oligospora_atcc_24927,Arthrobotrys oligospora,756982,11479,40072829,FALSE,TRUE,FALSE,FALSE,FALSE,FALSE
arthroderma_benhamiae_cbs_112371,Trichophyton benhamiae,663331,7980,22224160,FALSE,TRUE,FALSE,FALSE,FALSE,FALSE
arthroderma_otae_cbs_113480,Arthroderma otae,554155,8765,23263091,FALSE,TRUE,FALSE,FALSE,FALSE,FALSE
aschersonia_aleyrodis_rcef_2490,Aschersonia aleyrodis,1081109,8461,30871875,FALSE,TRUE,FALSE,FALSE,FALSE,FALSE
ascochyta_rabiei,Ascochyta rabiei,5454,10596,34658250,TRUE,FALSE,FALSE,FALSE,FALSE,FALSE
ascoidea_rubescens_dsm_1968,Ascoidea rubescens,1344418,6785,17503998,FALSE,FALSE,FALSE,FALSE,FALSE,FALSE
ascosphaera_apis_arsef_7405,Ascosphaera apis,392613,6442,20313079,FALSE,TRUE,FALSE,FALSE,FALSE,FALSE
ashbya_gossypii,Eremothecium gossypii,284811,4776,9119312,TRUE,FALSE,FALSE,FALSE,FALSE,FALSE
aspergillus_calidoustus,Aspergillus calidoustus,454130,15139,41102685,FALSE,TRUE,FALSE,FALSE,FALSE,FALSE
aspergillus_clavatus,Aspergillus clavatus,344612,9121,27859441,FALSE,TRUE,FALSE,FALSE,FALSE,FALSE
aspergillus_cristatus,Aspergillus cristatus,573508,10344,28454192,FALSE,FALSE,FALSE,FALSE,FALSE,FALSE
aspergillus_flavus,Aspergillus flavus,1392242,8431,37027369,FALSE,FALSE,FALSE,FALSE,FALSE,FALSE
aspergillus_fumigatus,Aspergillus fumigatus,451804,9929,29205420,FALSE,TRUE,FALSE,FALSE,FALSE,FALSE
aspergillus_lentulus,Aspergillus lentulus,293939,9680,30956128,FALSE,TRUE,FALSE,FALSE,FALSE,FALSE
aspergillus_luchuensis,Aspergillus luchuensis,1069201,12920,34183795,FALSE,FALSE,FALSE,FALSE,FALSE,FALSE
aspergillus_nidulans,Aspergillus nidulans,227321,10534,29828291,FALSE,TRUE,FALSE,FALSE,FALSE,FALSE
aspergillus_niger,Aspergillus niger,5061,13942,33975768,TRUE,FALSE,FALSE,FALSE,FALSE,FALSE
aspergillus_nomius_nrrl_13137,Aspergillus nomius,1509407,11914,36138823,FALSE,FALSE,FALSE,FALSE,FALSE,FALSE
aspergillus_ochraceoroseus,Aspergillus ochraceoroseus,138278,7829,24273657,FALSE,FALSE,FALSE,FALSE,FALSE,FALSE
aspergillus_oryzae,Aspergillus oryzae,5062,11456,38507590,FALSE,FALSE,FALSE,FALSE,FALSE,FALSE
aspergillus_parasiticus_su_1,Aspergillus parasiticus,1403190,8645,39465951,FALSE,FALSE,FALSE,FALSE,FALSE,FALSE
aspergillus_rambellii,Aspergillus rambellii,308745,7761,26435630,FALSE,FALSE,FALSE,FALSE,FALSE,FALSE
aspergillus_ruber_cbs_135680,Aspergillus ruber,1388766,10066,26209327,FALSE,FALSE,FALSE,FALSE,FALSE,FALSE
aspergillus_terreus,Aspergillus terreus,341663,10401,29364022,FALSE,FALSE,FALSE,FALSE,FALSE,FALSE
aspergillus_udagawae,Aspergillus udagawae,91492,9999,32185562,FALSE,TRUE,FALSE,FALSE,FALSE,FALSE
aspergillus_ustus,Aspergillus ustus,40382,706,38351268,FALSE,TRUE,FALSE,FALSE,FALSE,FALSE
aureobasidium_melanogenum_cbs_110374,Aureobasidium melanogenum,1043003,10584,26203324,FALSE,FALSE,FALSE,FALSE,FALSE,FALSE
aureobasidium_namibiae_cbs_147_97,Aureobasidium namibiae,1043004,10259,25428601,FALSE,FALSE,FALSE,FALSE,FALSE,FALSE
aureobasidium_subglaciale_exf_2481,Aureobasidium subglaciale,1043005,10792,25796716,FALSE,FALSE,FALSE,FALSE,FALSE,FALSE
babjeviella_inositovora_nrrl_y_12698,Babjeviella inositovora,984486,6398,15221050,FALSE,FALSE,FALSE,FALSE,FALSE,FALSE
batrachochytrium_dendrobatidis_jam81,Batrachochytrium dendrobatidis,684364,8700,24315081,FALSE,TRUE,FALSE,FALSE,FALSE,FALSE
baudoinia_panamericana_uamh_10762,Baudoinia panamericana,717646,10508,21875620,FALSE,FALSE,FALSE,FALSE,FALSE,FALSE
beauveria_bassiana_arsef_2860,Beauveria bassiana,655819,10364,33697794,FALSE,TRUE,FALSE,TRUE,FALSE,FALSE
bipolaris_maydis_c5,Bipolaris maydis,701091,13311,36456735,TRUE,FALSE,FALSE,FALSE,FALSE,FALSE
bipolaris_oryzae_atcc_44560,Bipolaris oryzae,930090,12002,31362097,TRUE,FALSE,FALSE,FALSE,FALSE,FALSE
bipolaris_sorokiniana_nd90pr,Bipolaris sorokiniana,665912,12214,34409167,TRUE,FALSE,FALSE,FALSE,FALSE,FALSE
bipolaris_victoriae_fi3,Bipolaris victoriae,930091,12882,32829575,TRUE,FALSE,FALSE,FALSE,FALSE,FALSE
bipolaris_zeicola_26_r_13,Bipolaris zeicola,930089,12853,31267936,TRUE,FALSE,FALSE,FALSE,FALSE,FALSE
blastomyces_dermatitidis_er_3,Blastomyces dermatitidis,1245745,11861,36692259,FALSE,TRUE,FALSE,FALSE,FALSE,FALSE
blastomyces_gilchristii_slh14081,Blastomyces gilchristii,665024,12705,32929167,FALSE,TRUE,FALSE,FALSE,FALSE,FALSE
blumeria_graminis,Blumeria graminis,559297,9755,66608683,TRUE,FALSE,FALSE,FALSE,FALSE,FALSE
botryobasidium_botryosum_fd_172_ss1,Botryobasidium botryosum,559298,9692,75404732,FALSE,FALSE,FALSE,FALSE,FALSE,FALSE
botrytis_cinerea,Botrytis cinerea,332648,11707,42630066,TRUE,FALSE,FALSE,FALSE,TRUE,FALSE
brettanomyces_bruxellensis_awri1499,Brettanomyces bruxellensis,1124627,4861,12676548,FALSE,FALSE,FALSE,FALSE,FALSE,FALSE
byssochlamys_spectabilis_no_5,Byssochlamys spectabilis,1356009,8877,29762401,FALSE,FALSE,FALSE,FALSE,FALSE,TRUE
calocera_cornea_hhb12733,Calocera cornea,1353952,13152,33244933,FALSE,FALSE,FALSE,FALSE,FALSE,TRUE
calocera_viscosa_tufc12733,Calocera viscosa,447095,9180,71515325,FALSE,FALSE,FALSE,FALSE,FALSE,FALSE
candida_albicans_wo_1,Candida albicans,294748,5752,14472953,FALSE,TRUE,FALSE,FALSE,FALSE,FALSE
candida_arabinofermentans_nrrl_yb_2248,Candida arabinofermentans,983967,5827,13233932,FALSE,FALSE,FALSE,FALSE,FALSE,FALSE
candida_dubliniensis_cd36,Candida dubliniensis,573826,5860,14618422,FALSE,TRUE,FALSE,FALSE,FALSE,FALSE
candida_maltosa_xu316,Candida maltosa,1245528,5986,12826280,FALSE,FALSE,FALSE,FALSE,FALSE,FALSE
candida_orthopsilosis_co_90_125,Candida orthopsilosis,1136231,5678,12659401,FALSE,TRUE,FALSE,FALSE,FALSE,FALSE
candida_parapsilosis_cdc317,Candida parapsilosis,5480,5810,13030174,FALSE,TRUE,FALSE,FALSE,FALSE,FALSE
candida_tanzawaensis_nrrl_y_17324,Candida tanzawaensis,984487,5884,13136204,FALSE,FALSE,FALSE,FALSE,FALSE,FALSE
candida_tropicalis_mya_3404,Candida tropicalis,294747,6163,14630139,FALSE,TRUE,FALSE,FALSE,FALSE,FALSE
capronia_coronata_cbs_617_96,Capronia coronata,1182541,9231,25807613,FALSE,TRUE,FALSE,FALSE,FALSE,FALSE
capronia_epimyces_cbs_606_96,Capronia epimyces,1182542,10469,28889638,FALSE,TRUE,FALSE,FALSE,FALSE,FALSE
capronia_semi_immersa,Phialophora americana,5601,10919,31616172,FALSE,TRUE,FALSE,FALSE,FALSE,FALSE
ceraceosorus_bombacis,Ceraceosorus bombacis,401625,8022,26090089,TRUE,FALSE,FALSE,FALSE,FALSE,FALSE
ceratocystis_platani,Ceratocystis platani,88771,5622,29181415,TRUE,FALSE,FALSE,FALSE,FALSE,FALSE
cercospora_fijiensis_cirad86,,383855,13047,74141167,TRUE,FALSE,FALSE,FALSE,FALSE,FALSE
chaetomium_globosum_cbs_148_51,Chaetomium globosum,306901,11048,34886939,FALSE,FALSE,FALSE,FALSE,FALSE,FALSE
chaetomium_thermophilum_var_thermophilum_dsm_1495,Chaetomium thermophilum,759272,7165,28322806,FALSE,FALSE,FALSE,FALSE,FALSE,FALSE
choanephora_cucurbitarum,Choanephora cucurbitarum,101091,11977,29096908,TRUE,FALSE,FALSE,FALSE,FALSE,FALSE
cladophialophora_bantiana_cbs_173_52,Cladophialophora bantiana,1442370,12762,36722552,FALSE,TRUE,FALSE,FALSE,FALSE,FALSE
cladophialophora_carrionii_cbs_160_54,Cladophialophora carrionii,86049,11181,29805862,FALSE,TRUE,FALSE,FALSE,FALSE,FALSE
cladophialophora_immunda,Cladophialophora immunda,569365,12830,43029152,FALSE,FALSE,FALSE,FALSE,FALSE,FALSE
cladophialophora_psammophila_cbs_110553,Cladophialophora psammophila,1182543,13421,39420127,FALSE,FALSE,FALSE,FALSE,FALSE,FALSE
cladophialophora_yegresii_cbs_114405,Cladophialophora yegresii,1182544,10118,27898422,FALSE,FALSE,FALSE,FALSE,FALSE,FALSE
claviceps_purpurea_20_1,Claviceps purpurea,1111077,8823,32091443,TRUE,FALSE,FALSE,FALSE,FALSE,FALSE
clavispora_lusitaniae_atcc_42720,Clavispora lusitaniae,306902,5936,12114892,FALSE,TRUE,FALSE,FALSE,FALSE,FALSE
coccidioides_immitis_rs,Coccidioides immitis,246410,9757,29016019,FALSE,TRUE,FALSE,FALSE,FALSE,FALSE
coccidioides_posadasii_str_silveira,Coccidioides posadasii,443226,10225,27583241,FALSE,TRUE,FALSE,FALSE,FALSE,FALSE
colletotrichum_fioriniae_pj7,Colletotrichum fioriniae,1445577,13759,49002765,TRUE,FALSE,FALSE,FALSE,FALSE,FALSE
colletotrichum_gloeosporioides,Colletotrichum gloeosporioides,1213859,15381,55607143,TRUE,FALSE,FALSE,FALSE,FALSE,FALSE
colletotrichum_graminicola,Colletotrichum graminicola,645133,12020,51644307,TRUE,FALSE,FALSE,FALSE,FALSE,FALSE
colletotrichum_higginsianum,Colletotrichum higginsianum,80884,16141,49084868,TRUE,FALSE,FALSE,FALSE,FALSE,FALSE
colletotrichum_incanum,Colletotrichum incanum,1573173,12809,53597417,TRUE,FALSE,FALSE,FALSE,FALSE,FALSE
colletotrichum_nymphaeae_sa_01,Colletotrichum nymphaeae,1460502,14404,49956273,TRUE,FALSE,FALSE,FALSE,FALSE,FALSE
colletotrichum_orbiculare,Colletotrichum orbiculare,1213857,13346,90086138,TRUE,FALSE,FALSE,FALSE,FALSE,FALSE
colletotrichum_salicis,Colletotrichum salicis,1209931,13783,48373413,TRUE,FALSE,FALSE,FALSE,FALSE,FALSE
colletotrichum_simmondsii,Colletotrichum simmondsii,703756,13884,50474234,TRUE,FALSE,FALSE,FALSE,FALSE,FALSE
colletotrichum_sublineola,Colletotrichum sublineola,1173701,12699,46755813,TRUE,FALSE,FALSE,FALSE,FALSE,FALSE
colletotrichum_tofieldiae,Colletotrichum tofieldiae,708197,12501,52836184,TRUE,FALSE,FALSE,FALSE,FALSE,FALSE
conidiobolus_coronatus_nrrl_28638,Conidiobolus coronatus,796925,10568,39903661,FALSE,TRUE,FALSE,FALSE,FALSE,FALSE
coniophora_puteana_rwd_64_598_ss2,Coniophora puteana,741705,1013,42968544,FALSE,FALSE,FALSE,FALSE,FALSE,TRUE
coniosporium_apollinis_cbs_100218,Coniosporium apollinis,1168221,9308,28645321,FALSE,FALSE,FALSE,FALSE,FALSE,FALSE
coprinopsis_cinerea_okayama7_130,Coprinopsis cinerea,240176,13355,36192590,FALSE,FALSE,FALSE,FALSE,FALSE,FALSE
cordyceps_brongniartii_rcef_3172,Cordyceps brongniartii,1081107,9595,32515992,FALSE,TRUE,FALSE,FALSE,FALSE,FALSE
cordyceps_confragosa_rcef_1005,Cordyceps confragosa,1081108,11030,35594087,FALSE,TRUE,FALSE,FALSE,FALSE,FALSE
cordyceps_militaris_cm01,Cordyceps militaris,983644,9651,32268578,FALSE,TRUE,FALSE,FALSE,FALSE,FALSE
cryptococcus_amylolentus_cbs_6039,Cryptococcus amylolentus,1295533,8249,20254996,FALSE,FALSE,FALSE,FALSE,FALSE,FALSE
cryptococcus_depauperatus_cbs_7855,Cryptococcus depauperatus,1295532,6373,15656276,FALSE,FALSE,FALSE,FALSE,FALSE,FALSE
cryptococcus_gattii_ca1873,Cryptococcus gattii CA1873,1296111,6634,17438253,FALSE,TRUE,FALSE,FALSE,FALSE,FALSE
cryptococcus_gattii_vgii_mmrl2647,Cryptococcus gattii VGII MMRL2647,1296117,6475,17485654,FALSE,TRUE,FALSE,FALSE,FALSE,FALSE
cryptococcus_gattii_vgiv_ind107,Cryptococcus gattii VGIV IND107,1296105,6696,17649378,FALSE,TRUE,FALSE,FALSE,FALSE,FALSE
cryptococcus_gattii_wm276,Cryptococcus gattii WM276,1408157,13658,42382780,FALSE,TRUE,FALSE,FALSE,FALSE,FALSE
cryptococcus_neoformans,Cryptococcus neoformans,367775,6565,18374760,FALSE,TRUE,FALSE,FALSE,FALSE,FALSE
cutaneotrichosporon_oleaginosus,Cutaneotrichosporon oleaginosus,879819,8320,19835558,FALSE,FALSE,FALSE,FALSE,FALSE,FALSE
cyberlindnera_jadinii,Cyberlindnera jadinii,4903,5057,12707304,FALSE,FALSE,FALSE,FALSE,FALSE,FALSE
cylindrobasidium_torrendii_fp15055_ss_10,Cylindrobasidium torrendii,1314674,13927,31574086,FALSE,FALSE,FALSE,FALSE,FALSE,FALSE
cyphellophora_europaea_cbs_101466,Cyphellophora europaea,1220924,11094,28781303,TRUE,FALSE,FALSE,FALSE,FALSE,FALSE
dactylellina_haptotyla_cbs_200_50,Dactylellina haptotyla,1284197,10959,39531920,FALSE,TRUE,FALSE,FALSE,FALSE,FALSE
daedalea_quercina_l_15889,Daedalea quercina,1314783,12191,32736329,FALSE,FALSE,FALSE,FALSE,FALSE,FALSE
debaryomyces_fabryi,Debaryomyces fabryi,58627,6027,11700921,FALSE,FALSE,FALSE,FALSE,FALSE,FALSE
debaryomyces_hansenii_cbs767,Debaryomyces hansenii,284592,6272,12152486,FALSE,FALSE,FALSE,FALSE,FALSE,FALSE
diaporthe_ampelina,Diaporthe ampelina,1214573,10704,47325858,TRUE,FALSE,FALSE,FALSE,FALSE,FALSE
diaporthe_helianthi,Diaporthe helianthi,158607,14220,46487794,TRUE,FALSE,FALSE,FALSE,FALSE,FALSE
dichomitus_squalens_lyad_421_ss1,Dichomitus squalens,732165,7192,42748430,TRUE,FALSE,FALSE,FALSE,TRUE,FALSE
diplodia_seriata,Diplodia seriata,420778,9343,37120944,TRUE,FALSE,FALSE,FALSE,FALSE,FALSE
dothistroma_septosporum,Dothistroma septosporum,675120,12400,30209431,TRUE,FALSE,FALSE,FALSE,FALSE,FALSE
drechmeria_coniospora,Drechmeria coniospora,98403,8236,32831003,FALSE,TRUE,FALSE,FALSE,FALSE,FALSE
drechslerella_stenobrocha_248,Drechslerella stenobrocha,1043628,5597,21174508,FALSE,TRUE,FALSE,FALSE,FALSE,FALSE
edhazardia_aedis_usnm_41457,Edhazardia aedis,1003232,4190,51348006,FALSE,TRUE,FALSE,FALSE,FALSE,FALSE
emmonsia_crescens_uamh_3008,Emmonsia crescens,1247875,9444,30697411,FALSE,TRUE,FALSE,FALSE,FALSE,FALSE
emmonsia_parva_uamh_139,Emmonsia parva,1246674,8562,30969503,FALSE,TRUE,FALSE,FALSE,FALSE,FALSE
emmonsia_sp_cac_2015a,Emmonsia sp. CAC-2015a,1658172,8769,29708924,FALSE,TRUE,FALSE,FALSE,FALSE,FALSE
encephalitozoon_cuniculi_gb_m1,Encephalitozoon cuniculi,284813,2126,2497519,FALSE,TRUE,FALSE,FALSE,FALSE,FALSE
encephalitozoon_hellem_atcc_50504,Encephalitozoon hellem,907965,1928,2251784,FALSE,TRUE,FALSE,FALSE,FALSE,FALSE
encephalitozoon_intestinalis_atcc_50506,Encephalitozoon intestinalis,876142,1939,2216898,FALSE,TRUE,FALSE,FALSE,FALSE,FALSE
encephalitozoon_romaleae_sj_2008,Encephalitozoon romaleae,1178016,1831,2187595,FALSE,TRUE,FALSE,FALSE,FALSE,FALSE
endocarpon_pusillum_z07020,Endocarpon pusillum,1263415,9238,37130611,FALSE,FALSE,FALSE,FALSE,FALSE,FALSE
enterocytozoon_bieneusi_h348,Enterocytozoon bieneusi,481877,3632,3859738,FALSE,TRUE,FALSE,FALSE,FALSE,FALSE
eremothecium_cymbalariae_dbvpg_7215,Eremothecium cymbalariae,931890,4434,9669424,TRUE,FALSE,FALSE,FALSE,FALSE,FALSE
eremothecium_sinecaudum,Eremothecium sinecaudum,45286,4536,8948761,TRUE,FALSE,FALSE,FALSE,FALSE,FALSE
erysiphe_necator,Erysiphe necator,52586,6484,52505057,TRUE,FALSE,FALSE,FALSE,FALSE,FALSE
escovopsis_weberi,Escovopsis weberi,150374,6870,27200907,FALSE,FALSE,FALSE,FALSE,FALSE,FALSE
eutypa_lata_ucrel1,Eutypa lata,1287681,11685,54005819,TRUE,FALSE,FALSE,FALSE,FALSE,FALSE
exidia_glandulosa_hhb12029,Exidia glandulosa,1314781,26682,78161169,FALSE,FALSE,FALSE,FALSE,FALSE,FALSE
exophiala_aquamarina_cbs_119918,Exophiala aquamarina,1182545,13118,41566958,FALSE,TRUE,FALSE,FALSE,FALSE,FALSE
exophiala_dermatitidis_nih_ut8656,Exophiala dermatitidis,858893,9285,26376767,FALSE,TRUE,FALSE,FALSE,FALSE,FALSE
exophiala_mesophila,Exophiala mesophila,212818,9181,29273723,FALSE,TRUE,FALSE,FALSE,FALSE,FALSE
exophiala_oligosperma,Exophiala oligosperma,215243,11893,38224514,FALSE,TRUE,FALSE,FALSE,FALSE,FALSE
exophiala_sideris,Exophiala sideris,1016849,10191,29505589,FALSE,TRUE,FALSE,FALSE,FALSE,FALSE
exophiala_spinifera,Exophiala spinifera,91928,12049,32912349,FALSE,TRUE,FALSE,FALSE,FALSE,FALSE
exophiala_xenobiotica,Exophiala xenobiotica,348802,12019,31405760,FALSE,TRUE,FALSE,FALSE,FALSE,FALSE
fibroporia_radiculosa,Fibroporia radiculosa,599839,9262,28378039,FALSE,FALSE,FALSE,FALSE,FALSE,TRUE
fibulorhizoctonia_sp_cbs_109695,Fibularhizoctonia sp. CBS 109695,436010,32847,95118143,FALSE,FALSE,FALSE,FALSE,FALSE,FALSE
fistulina_hepatica_atcc_64428,Fistulina hepatica,1128425,9387,33847808,FALSE,FALSE,FALSE,FALSE,FALSE,TRUE
fomitiporia_mediterranea_mf3_22,Fomitiporia mediterranea,694068,533,63354419,TRUE,FALSE,FALSE,FALSE,FALSE,FALSE
fomitopsis_pinicola_fp_58527_ss1,Fomitopsis pinicola,743788,13851,41614358,FALSE,FALSE,FALSE,FALSE,FALSE,TRUE
fonsecaea_erecta,Fonsecaea erecta,1367422,12090,34747975,FALSE,FALSE,FALSE,FALSE,FALSE,FALSE
fonsecaea_monophora,Fonsecaea monophora,254056,11984,35229797,TRUE,FALSE,FALSE,FALSE,FALSE,FALSE
fonsecaea_multimorphosa_cbs_102226,Fonsecaea multimorphosa,1442371,12369,33447075,TRUE,FALSE,FALSE,FALSE,FALSE,FALSE
fonsecaea_nubica,Fonsecaea nubica,856822,11681,33787447,TRUE,FALSE,FALSE,FALSE,FALSE,FALSE
fonsecaea_pedrosoi_cbs_271_37,Fonsecaea pedrosoi,1442368,12527,34688880,TRUE,FALSE,FALSE,FALSE,FALSE,FALSE
fusarium_culmorum,Fusarium culmorum,1318462,12465,41928875,TRUE,FALSE,FALSE,FALSE,FALSE,FALSE
fusarium_fujikuroi,Fusarium fujikuroi,5127,14815,43847810,TRUE,FALSE,FALSE,TRUE,FALSE,FALSE
fusarium_graminearum,Fusarium graminearum,5518,13355,36667552,TRUE,FALSE,FALSE,FALSE,FALSE,FALSE
fusarium_langsethiae,Fusarium langsethiae,179993,11940,37543021,TRUE,FALSE,FALSE,FALSE,FALSE,FALSE
fusarium_oxysporum,Fusarium oxysporum,426428,17708,61470697,TRUE,FALSE,FALSE,TRUE,FALSE,FALSE
fusarium_poae,Fusarium poae,36050,14740,46476831,TRUE,FALSE,FALSE,FALSE,FALSE,FALSE
fusarium_pseudograminearum,Fusarium pseudograminearum,1028729,12448,36932859,TRUE,FALSE,FALSE,FALSE,FALSE,FALSE
fusarium_solani,Fusarium solani,660122,15705,51291997,TRUE,FALSE,FALSE,TRUE,FALSE,FALSE
fusarium_verticillioides,Fusarium verticillioides,334819,14169,41885085,TRUE,FALSE,FALSE,FALSE,FALSE,FALSE
gaeumannomyces_graminis,Gaeumannomyces graminis,644352,14458,43768664,TRUE,FALSE,FALSE,FALSE,FALSE,FALSE
galerina_marginata_cbs_339_88,Galerina marginata,685588,21388,59418196,FALSE,FALSE,FALSE,FALSE,FALSE,FALSE
gelatoporia_subvermispora_b,Gelatoporia subvermispora,914234,12122,38969650,FALSE,FALSE,FALSE,FALSE,FALSE,FALSE
geotrichum_candidum,Geotrichum candidum,1173061,6799,24836057,TRUE,FALSE,FALSE,FALSE,FALSE,FALSE
glarea_lozoyensis_74030,Glarea lozoyensis,1104152,7926,38718320,FALSE,FALSE,FALSE,FALSE,FALSE,FALSE
gloeophyllum_trabeum_atcc_11539,Gloeophyllum trabeum,670483,11755,37178225,FALSE,FALSE,FALSE,FALSE,FALSE,TRUE
gonapodya_prolifera_jel478,Gonapodya prolifera,1344416,13827,48794828,FALSE,FALSE,FALSE,FALSE,FALSE,FALSE
grifola_frondosa,Grifola frondosa,5627,15039,39289314,FALSE,FALSE,FALSE,FALSE,FALSE,FALSE
grosmannia_clavigera_kw1407,Grosmannia clavigera,655863,8312,29794006,TRUE,FALSE,FALSE,FALSE,FALSE,FALSE
gymnopus_luxurians_fd_317_m1,Gymnopus luxurians,944289,14594,66281670,FALSE,FALSE,FALSE,FALSE,FALSE,FALSE
hanseniaspora_opuntiae,Hanseniaspora opuntiae,211096,4167,8831957,FALSE,FALSE,FALSE,FALSE,FALSE,FALSE
hanseniaspora_osmophila,Hanseniaspora osmophila,56408,4657,11458415,FALSE,FALSE,FALSE,FALSE,FALSE,FALSE
hanseniaspora_uvarum_dsm_2768,Hanseniaspora uvarum,1246595,3043,9503661,FALSE,FALSE,FALSE,FALSE,FALSE,FALSE
hanseniaspora_valbyensis_nrrl_y_1626,Hanseniaspora valbyensis,766949,4772,11464036,FALSE,FALSE,FALSE,FALSE,FALSE,FALSE
hebeloma_cylindrosporum_h7,Hebeloma cylindrosporum,686832,15373,38226047,FALSE,FALSE,TRUE,FALSE,FALSE,FALSE
heterobasidion_irregulare_tc_32_1,Heterobasidion irregulare,747525,13264,33649967,TRUE,FALSE,FALSE,FALSE,TRUE,FALSE
hirsutella_minnesotensis_3608,Hirsutella minnesotensis,1043627,9390,51111088,FALSE,TRUE,FALSE,FALSE,FALSE,FALSE
histoplasma_capsulatum_nam1,Histoplasma capsulatum,339724,9313,33030326,FALSE,TRUE,FALSE,FALSE,FALSE,FALSE
hydnomerulius_pinastri_md_312,Hydnomerulius pinastri,994086,7912,38278792,FALSE,FALSE,FALSE,FALSE,FALSE,TRUE
hypholoma_sublateritium_fd_334_ss_4,Hypholoma sublateritium,945553,17766,48031814,FALSE,FALSE,FALSE,FALSE,FALSE,FALSE
hyphopichia_burtonii_nrrl_y_1933,Hyphopichia burtonii,984485,5995,12403110,FALSE,FALSE,FALSE,FALSE,FALSE,FALSE
hypsizygus_marmoreus,Hypsizygus marmoreus,39966,15561,41626055,FALSE,FALSE,FALSE,FALSE,FALSE,FALSE
isaria_fumosorosea_arsef_2679,Isaria fumosorosea,1081104,10061,33485962,FALSE,TRUE,FALSE,FALSE,FALSE,FALSE
jaapia_argillacea_mucl_33604,Jaapia argillacea,933084,16373,45045899,FALSE,FALSE,FALSE,FALSE,FALSE,FALSE
kalmanozyma_brasiliensis_ghg001,Kalmanozyma brasiliensis,1365824,5765,17325407,FALSE,FALSE,FALSE,FALSE,FALSE,FALSE
kazachstania_africana_cbs_2517,Kazachstania africana,1071382,5378,11130140,FALSE,FALSE,FALSE,FALSE,FALSE,FALSE
kazachstania_naganishii_cbs_8797,Kazachstania naganishii,1071383,5321,10845821,FALSE,FALSE,FALSE,FALSE,FALSE,FALSE
kluyveromyces_lactis,Kluyveromyces lactis,28985,5074,10689156,FALSE,FALSE,FALSE,FALSE,FALSE,FALSE
kluyveromyces_marxianus_dmku3_1042,Kluyveromyces marxianus,1003335,4952,10966467,FALSE,FALSE,FALSE,FALSE,FALSE,FALSE
komagataella_pastoris,Komagataella pastoris,644223,5040,9216378,FALSE,FALSE,FALSE,FALSE,FALSE,FALSE
komagataella_phaffii_cbs_7435,Komagataella phaffii,981350,5291,9402723,FALSE,FALSE,FALSE,FALSE,FALSE,FALSE
kuraishia_capsulata_cbs_1993,Kuraishia capsulata,1382522,6029,11371246,FALSE,FALSE,FALSE,FALSE,FALSE,FALSE
kwoniella_bestiolae_cbs_10118,Kwoniella bestiolae,1296100,9133,24360772,FALSE,FALSE,FALSE,FALSE,FALSE,FALSE
kwoniella_dejecticola_cbs_10117,Kwoniella dejecticola,1296121,8602,23862392,FALSE,FALSE,FALSE,FALSE,FALSE,FALSE
kwoniella_heveanensis_cbs_569,Kwoniella heveanensis,1296119,7871,25253281,FALSE,FALSE,FALSE,FALSE,FALSE,FALSE
kwoniella_mangroviensis_cbs_8886,Kwoniella mangroviensis,1296123,8429,22872713,FALSE,FALSE,FALSE,FALSE,FALSE,FALSE
kwoniella_pini_cbs_10737,Kwoniella pini,1296096,7829,20828584,FALSE,FALSE,FALSE,FALSE,FALSE,FALSE
laccaria_amethystina_laam_08_1,Laccaria amethystina,1095629,21020,52197432,FALSE,FALSE,TRUE,FALSE,FALSE,FALSE
laccaria_bicolor_s238n_h82,Laccaria bicolor,486041,18215,64877444,FALSE,FALSE,TRUE,FALSE,FALSE,FALSE
lachancea_lanzarotensis,Lachancea lanzarotensis,1245769,5058,11092131,FALSE,FALSE,FALSE,FALSE,FALSE,FALSE
lachancea_thermotolerans_cbs_6340,Lachancea thermotolerans,559295,5092,10392862,FALSE,FALSE,FALSE,FALSE,FALSE,FALSE
laetiporus_sulphureus_93_53,Laetiporus sulphureus,1314785,13740,39909705,FALSE,FALSE,FALSE,FALSE,FALSE,FALSE
leptosphaeria_maculans,Leptosphaeria maculans,985895,12469,45124619,TRUE,FALSE,FALSE,FALSE,FALSE,FALSE
leucoagaricus_sp_symc_cos,Leucoagaricus sp.,1714833,698,110566701,FALSE,FALSE,FALSE,FALSE,FALSE,FALSE
lichtheimia_corymbifera_jmrc_fsu_9682,Lichtheimia corymbifera,1263082,12282,33531723,FALSE,TRUE,FALSE,FALSE,FALSE,FALSE
lichtheimia_ramosa,Lichtheimia ramosa,688394,11510,30708998,FALSE,TRUE,FALSE,FALSE,FALSE,FALSE
lipomyces_starkeyi_nrrl_y_11557,Lipomyces starkeyi,675824,8182,21267709,FALSE,FALSE,FALSE,FALSE,FALSE,FALSE
lodderomyces_elongisporus_nrrl_yb_4239,Lodderomyces elongisporus,379508,5799,15547272,FALSE,TRUE,FALSE,FALSE,FALSE,FALSE
macrophomina_phaseolina_ms6,Macrophomina phaseolina,1126212,13806,48882845,TRUE,FALSE,FALSE,FALSE,FALSE,FALSE
madurella_mycetomatis,Madurella mycetomatis,100816,10707,36704944,FALSE,TRUE,FALSE,FALSE,FALSE,FALSE
magnaporthe_oryzae,Magnaporthe oryzae,242507,12593,41027733,TRUE,FALSE,FALSE,FALSE,FALSE,FALSE
magnaporthe_poae,Magnaporthiopsis poae,644358,11209,39503331,TRUE,FALSE,FALSE,FALSE,FALSE,FALSE
malassezia_pachydermatis,Malassezia pachydermatis,77020,4202,8150648,FALSE,TRUE,FALSE,FALSE,FALSE,FALSE
malassezia_sympodialis_atcc_42132,Malassezia sympodialis,1230383,3318,7669689,FALSE,TRUE,FALSE,FALSE,FALSE,FALSE
marssonina_brunnea_f_sp_multigermtubi_mb_m1,Marssonina brunnea,1072389,10027,51949877,TRUE,FALSE,FALSE,FALSE,FALSE,FALSE
melampsora_laricipopulina,Melampsora larici-populina,747676,16372,101129028,TRUE,FALSE,FALSE,FALSE,FALSE,FALSE
metarhizium_acridum_cqma_102,Metarhizium acridum,655827,9849,39422329,FALSE,TRUE,FALSE,FALSE,FALSE,FALSE
metarhizium_album_arsef_1941,Metarhizium album,1081103,8472,30449065,FALSE,TRUE,FALSE,FALSE,FALSE,FALSE
metarhizium_anisopliae,Metarhizium anisopliae,5530,10795,38477109,FALSE,TRUE,FALSE,FALSE,FALSE,FALSE
metarhizium_anisopliae_arsef_23,,655844,11688,41656800,FALSE,TRUE,FALSE,FALSE,FALSE,FALSE
metarhizium_brunneum_arsef_3297,Metarhizium brunneum,1276141,10689,37066166,FALSE,TRUE,FALSE,FALSE,FALSE,FALSE
metarhizium_guizhouense_arsef_977,Metarhizium guizhouense,1276136,11787,43465197,FALSE,TRUE,FALSE,FALSE,FALSE,FALSE
metarhizium_majus_arsef_297,Metarhizium majus,1276143,11535,42062993,FALSE,TRUE,FALSE,FALSE,FALSE,FALSE
metarhizium_rileyi_rcef_4871,Metarhizium rileyi,1081105,8764,32013981,FALSE,TRUE,FALSE,FALSE,FALSE,FALSE
metschnikowia_bicuspidata_var_bicuspidata_nrrl_yb_4993,Metschnikowia bicuspidata,869754,5837,16055203,FALSE,FALSE,FALSE,FALSE,FALSE,FALSE
meyerozyma_guilliermondii_atcc_6260,Meyerozyma guilliermondii,294746,5920,10609954,FALSE,TRUE,FALSE,FALSE,FALSE,FALSE
microbotryum_violaceum,Microbotryum violaceum,683840,7364,26138885,TRUE,FALSE,FALSE,FALSE,FALSE,FALSE
microdochium_bolleyi,Microdochium bolleyi,196109,13165,38835037,TRUE,FALSE,FALSE,TRUE,FALSE,FALSE
microsporum_gypseum_cbs_118893,Nannizzia gypsea,535722,8921,23272942,FALSE,TRUE,FALSE,FALSE,FALSE,FALSE
millerozyma_farinosa_cbs_7064,Millerozyma farinosa,559304,11175,21459642,FALSE,TRUE,FALSE,FALSE,FALSE,FALSE
mitosporidium_daphniae,Mitosporidium daphniae,1485682,3330,5636959,FALSE,TRUE,FALSE,FALSE,FALSE,FALSE
mixia_osmundae_iam_14324,Mixia osmundae,764103,6726,13393708,TRUE,FALSE,FALSE,FALSE,FALSE,FALSE
moesziomyces_antarcticus,Moesziomyces antarcticus,84753,4675,18111965,FALSE,FALSE,FALSE,FALSE,FALSE,FALSE
moesziomyces_aphidis_dsm_70725,Moesziomyces aphidis,1391700,6011,17921702,FALSE,FALSE,FALSE,FALSE,FALSE,FALSE
moniliophthora_perniciosa_fa553,Moniliophthora perniciosa,554373,13559,26663261,TRUE,FALSE,FALSE,FALSE,FALSE,FALSE
moniliophthora_roreri_mca_2997,Moniliophthora roreri,1381753,17910,52204869,TRUE,FALSE,FALSE,FALSE,FALSE,FALSE
mortierella_elongata_ag_77,Mortierella elongata,1314771,14959,49851634,FALSE,FALSE,FALSE,TRUE,FALSE,FALSE
mortierella_verticillata_nrrl_6337,Mortierella verticillata,1069443,1508,41912894,FALSE,FALSE,FALSE,FALSE,FALSE,FALSE
mucor_ambiguus,Mucor ambiguus,91626,11343,40737472,FALSE,FALSE,FALSE,FALSE,FALSE,FALSE
mucor_circinelloides_f_circinelloides_1006phl,Mucor circinelloides,1220926,12227,36348485,FALSE,FALSE,FALSE,FALSE,FALSE,FALSE
myceliophthora_thermophila_atcc_42464,Thermothelomyces thermophila,573729,9097,38744216,FALSE,TRUE,FALSE,FALSE,FALSE,FALSE
mycosphaerella_eumusae,Mycosphaerella eumusae,321146,10939,47119461,TRUE,FALSE,FALSE,FALSE,FALSE,FALSE
nadsonia_fulvescens_var_elongata_dsm_6958,Nadsonia fulvescens,857566,5648,13746944,FALSE,FALSE,FALSE,FALSE,FALSE,FALSE
naumovozyma_castellii_cbs_4309,Naumovozyma castellii,1064592,5592,11219539,FALSE,FALSE,FALSE,FALSE,FALSE,FALSE
naumovozyma_dairenensis_cbs_421,Naumovozyma dairenensis,1071378,5548,13527580,FALSE,FALSE,FALSE,FALSE,FALSE,FALSE
nematocida_parisii_ertm3,Nematocida parisii,935791,2726,4147597,FALSE,TRUE,FALSE,FALSE,FALSE,FALSE
nematocida_sp_1_ertm2,Nematocida sp.,944018,2770,4700711,FALSE,TRUE,FALSE,FALSE,FALSE,FALSE
neofusicoccum_parvum_ucrnp2,Neofusicoccum parvum,310453,10366,42592800,TRUE,FALSE,FALSE,FALSE,FALSE,FALSE
neolentinus_lepideus_hhb14362_ss_1,Neolentinus lepideus,1314782,13155,35640188,FALSE,FALSE,FALSE,FALSE,FALSE,TRUE
neonectria_ditissima,Neonectria ditissima,78410,12685,45719213,TRUE,FALSE,FALSE,FALSE,FALSE,FALSE
neosartorya_fischeri,Aspergillus fischeri,331117,10395,31770017,TRUE,FALSE,FALSE,FALSE,FALSE,FALSE
neurospora_crassa,Neurospora crassa,367110,9758,41102378,FALSE,FALSE,FALSE,FALSE,FALSE,FALSE
neurospora_tetrasperma_fgsc_2509,Neurospora tetrasperma,510952,11186,39123460,FALSE,FALSE,FALSE,FALSE,FALSE,FALSE
nosema_apis_brl_01,Nosema apis,1037528,2764,8569501,FALSE,TRUE,FALSE,FALSE,FALSE,FALSE
nosema_bombycis_cq1,Nosema bombycis,578461,4468,15689776,FALSE,TRUE,FALSE,FALSE,FALSE,FALSE
nosema_ceranae_brl01,Nosema ceranae,578460,2060,7860219,FALSE,TRUE,FALSE,FALSE,FALSE,FALSE
ogataea_parapolymorpha_dl_1,Ogataea parapolymorpha,871575,5325,8874589,FALSE,FALSE,FALSE,FALSE,FALSE,FALSE
ogataea_polymorpha,Ogataea polymorpha,460523,5171,8974371,FALSE,FALSE,FALSE,FALSE,FALSE,FALSE
oidiodendron_maius_zn,Oidiodendron maius,913774,16701,46426256,FALSE,FALSE,TRUE,FALSE,FALSE,FALSE
ophiocordyceps_sinensis_co18,Ophiocordyceps sinensis,911162,6972,78515811,FALSE,TRUE,FALSE,FALSE,FALSE,FALSE
ophiocordyceps_unilateralis,Ophiocordyceps unilateralis,268505,7821,25493697,FALSE,TRUE,FALSE,FALSE,FALSE,FALSE
ophiostoma_piceae_uamh_11346,Ophiostoma piceae,1262450,8884,32840360,TRUE,FALSE,FALSE,FALSE,FALSE,FALSE
ordospora_colligata_oc4,Ordospora colligata,1354746,1820,2290528,FALSE,TRUE,FALSE,FALSE,FALSE,FALSE
pachysolen_tannophilus_nrrl_y_2460,Pachysolen tannophilus,669874,5664,12596242,FALSE,FALSE,FALSE,FALSE,FALSE,FALSE
paracoccidioides_brasiliensis_pb18,Paracoccidioides brasiliensis,502780,8390,29952540,FALSE,TRUE,FALSE,FALSE,FALSE,FALSE
paracoccidioides_sp_lutzii_pb01,Paracoccidioides sp.,502779,8825,32925248,FALSE,TRUE,FALSE,FALSE,FALSE,FALSE
paraphaeosphaeria_sporulosa,Paraphaeosphaeria sporulosa,1460663,14734,38464024,FALSE,FALSE,FALSE,FALSE,FALSE,FALSE
parasitella_parasitica,Parasitella parasitica,35722,13408,44910645,FALSE,FALSE,FALSE,FALSE,FALSE,FALSE
paxillus_involutus_atcc_200175,Paxillus involutus,664439,11700,58300722,FALSE,FALSE,TRUE,FALSE,FALSE,FALSE
paxillus_rubicundulus_ve08_2h10,Paxillus rubicundulus,930991,22025,53011005,FALSE,FALSE,TRUE,FALSE,FALSE,FALSE
penicillium_brasilianum,Penicillium brasilianum,104259,11432,35888622,FALSE,FALSE,FALSE,FALSE,FALSE,FALSE
penicillium_camemberti_fm_013,Penicillium camemberti,1429867,14418,35011981,FALSE,FALSE,FALSE,FALSE,FALSE,FALSE
penicillium_chrysogenum,Penicillium chrysogenum,5076,11198,32525541,FALSE,FALSE,FALSE,FALSE,FALSE,FALSE
penicillium_digitatum_phi26,Penicillium digitatum,1170229,9133,25985128,TRUE,FALSE,FALSE,FALSE,FALSE,FALSE
penicillium_expansum,Penicillium expansum,27334,10663,31087040,TRUE,FALSE,FALSE,FALSE,FALSE,FALSE
penicillium_freii,Penicillium freii,48697,11739,33546389,FALSE,FALSE,FALSE,FALSE,FALSE,FALSE
penicillium_griseofulvum,Penicillium griseofulvum,5078,9630,29140916,FALSE,FALSE,FALSE,FALSE,FALSE,FALSE
penicillium_italicum,Penicillium italicum,40296,9996,30164421,TRUE,FALSE,FALSE,FALSE,FALSE,FALSE
penicillium_nordicum,Penicillium nordicum,229535,12959,30844022,FALSE,FALSE,FALSE,FALSE,FALSE,FALSE
penicillium_oxalicum_114_2,Penicillium oxalicum,933388,9979,30177368,FALSE,FALSE,FALSE,FALSE,FALSE,FALSE
penicillium_roqueforti_fm164,Penicillium roqueforti,1365484,12319,29010044,FALSE,FALSE,FALSE,FALSE,FALSE,FALSE
penicillium_rubens_wisconsin_54_1255,Penicillium rubens,500485,12557,32223735,FALSE,FALSE,FALSE,FALSE,FALSE,FALSE
peniophora_sp_cont,Peniophora sp.,1314672,18940,46030792,TRUE,FALSE,FALSE,FALSE,FALSE,FALSE
pestalotiopsis_fici_w106_1,Pestalotiopsis fici,1229662,15413,51910726,TRUE,FALSE,FALSE,FALSE,FALSE,FALSE
phaeoacremonium_minimum_ucrpa7,Phaeoacremonium minimum,1286976,8834,47465449,TRUE,FALSE,FALSE,FALSE,FALSE,FALSE
phaeomoniella_chlamydospora,Phaeomoniella chlamydospora,158046,6907,27513354,TRUE,FALSE,FALSE,FALSE,FALSE,FALSE
phaeosphaeria_nodorum,Parastagonospora nodorum,321614,12391,37285498,TRUE,FALSE,FALSE,FALSE,FALSE,FALSE
phanerochaete_carnosa_hhb_10118_sp,Phanerochaete carnosa,650164,13925,46293325,TRUE,FALSE,FALSE,FALSE,FALSE,FALSE
phialocephala_scopiformis,Phialocephala scopiformis,149040,18567,48876257,TRUE,FALSE,FALSE,FALSE,FALSE,FALSE
phialophora_attae,Phialophora attae,1664694,11848,30363635,FALSE,FALSE,FALSE,FALSE,FALSE,FALSE
phlebiopsis_gigantea_11061_1_cr5_6,Phlebiopsis gigantea,745531,11855,30143925,FALSE,FALSE,FALSE,FALSE,TRUE,FALSE
phycomyces_blakesleeanus_nrrl_1555_,Phycomyces blakesleeanus,763407,16542,53939167,FALSE,FALSE,FALSE,FALSE,FALSE,FALSE
pichia_kudriavzevii,Pichia kudriavzevii,4909,7107,12940563,FALSE,FALSE,FALSE,FALSE,FALSE,FALSE
pichia_membranifaciens_nrrl_y_2026,Pichia membranifaciens,763406,5542,11582150,FALSE,FALSE,FALSE,FALSE,FALSE,FALSE
piloderma_croceum_f_1598,Piloderma croceum,765440,21515,59326866,FALSE,FALSE,TRUE,FALSE,FALSE,FALSE
pisolithus_microcarpus_441,Pisolithus microcarpus,765257,20968,53027657,FALSE,FALSE,TRUE,FALSE,FALSE,FALSE
pisolithus_tinctorius_marx_270,Pisolithus tinctorius,870435,22644,71007534,FALSE,FALSE,TRUE,FALSE,FALSE,FALSE
pleurotus_ostreatus_pc15,Pleurotus ostreatus,1137138,12296,34342730,FALSE,FALSE,FALSE,FALSE,FALSE,FALSE
plicaturopsis_crispa_fd_325_ss_3,Plicaturopsis crispa,944288,2716,34498066,FALSE,FALSE,FALSE,FALSE,TRUE,FALSE
pneumocystis_carinii_b80,Pneumocystis carinii,1408658,3646,7661456,FALSE,TRUE,FALSE,FALSE,FALSE,FALSE
pneumocystis_jirovecii_ru7,Pneumocystis jirovecii,1408657,3761,8396240,FALSE,TRUE,FALSE,FALSE,FALSE,FALSE
pneumocystis_murina_b123,Pneumocystis murina,1069680,3623,7501343,FALSE,TRUE,FALSE,FALSE,FALSE,FALSE
pochonia_chlamydosporia_170,Pochonia chlamydosporia,1380566,14867,43842403,FALSE,FALSE,TRUE,FALSE,FALSE,FALSE
podospora_anserina_s_mat_,Podospora anserina,515849,10548,34718894,FALSE,FALSE,FALSE,FALSE,FALSE,FALSE
postia_placenta_mad_698_r,Postia placenta,561896,9083,90891856,FALSE,FALSE,FALSE,FALSE,FALSE,TRUE
pseudocercospora_musae,Pseudocercospora fijiensis,113226,10402,60439160,TRUE,FALSE,FALSE,FALSE,FALSE,FALSE
pseudogymnoascus_destructans_20631_21,Pseudocercospora musae,655981,9335,35818201,TRUE,FALSE,FALSE,FALSE,FALSE,FALSE
pseudogymnoascus_sp_03vt05,Pseudogymnoascus destructans,1622148,10252,33292581,FALSE,TRUE,FALSE,FALSE,FALSE,FALSE
pseudogymnoascus_sp_05ny08,Pseudogymnoascus sp. 03VT05,1622149,10514,32206309,FALSE,TRUE,FALSE,FALSE,FALSE,FALSE
pseudogymnoascus_sp_23342_1_i1,Pseudogymnoascus sp. 05NY08,1524831,10762,32900320,FALSE,TRUE,FALSE,FALSE,FALSE,FALSE
pseudogymnoascus_sp_24mn13,Pseudogymnoascus sp. 23342-1-I1,1622150,10269,30179533,FALSE,TRUE,FALSE,FALSE,FALSE,FALSE
pseudogymnoascus_sp_vkm_f_103,Pseudogymnoascus sp. VKM F-103,1420912,9802,30255792,FALSE,TRUE,FALSE,FALSE,FALSE,FALSE
pseudogymnoascus_sp_vkm_f_3557,Pseudogymnoascus sp. VKM F-3557,1437433,9482,27649855,FALSE,TRUE,FALSE,FALSE,FALSE,FALSE
pseudogymnoascus_sp_vkm_f_3775,Pseudogymnoascus sp. VKM F-3775,1420901,9472,28506885,FALSE,TRUE,FALSE,FALSE,FALSE,FALSE
pseudogymnoascus_sp_vkm_f_3808,Pseudogymnoascus sp. VKM F-3808,1391699,9929,27778879,FALSE,TRUE,FALSE,FALSE,FALSE,FALSE
pseudogymnoascus_sp_vkm_f_4246,Pseudogymnoascus sp. VKM F-4246,1420902,8540,25759859,FALSE,TRUE,FALSE,FALSE,FALSE,FALSE
pseudogymnoascus_sp_vkm_f_4281_fw_2241_,Pseudogymnoascus sp. VKM F-4281  FW-2241,1420906,8728,26549613,FALSE,TRUE,FALSE,FALSE,FALSE,FALSE
pseudogymnoascus_sp_vkm_f_4513_fw_928_,Pseudogymnoascus sp. VKM F-4513  FW-928 ,1420907,8669,26440682,FALSE,TRUE,FALSE,FALSE,FALSE,FALSE
pseudogymnoascus_sp_vkm_f_4514_fw_929_,Pseudogymnoascus sp. VKM F-4514  FW-929 ,1420908,8865,27026992,FALSE,TRUE,FALSE,FALSE,FALSE,FALSE
pseudogymnoascus_sp_vkm_f_4515_fw_2607_,Pseudogymnoascus sp. VKM F-4515  FW-2607 ,1420909,10676,32006932,FALSE,TRUE,FALSE,FALSE,FALSE,FALSE
pseudogymnoascus_sp_vkm_f_4516_fw_969_,Pseudogymnoascus sp. VKM F-4516  FW-969 ,1420910,9363,27599203,FALSE,TRUE,FALSE,FALSE,FALSE,FALSE
pseudogymnoascus_sp_vkm_f_4517_fw_2822_,Pseudogymnoascus sp. VKM F-4517  FW-2822 ,1420911,10744,32880410,FALSE,TRUE,FALSE,FALSE,FALSE,FALSE
pseudogymnoascus_sp_vkm_f_4518_fw_2643_,Pseudogymnoascus sp. VKM F-4518  FW-2643 ,1420913,11619,35479399,FALSE,TRUE,FALSE,FALSE,FALSE,FALSE
pseudogymnoascus_sp_vkm_f_4519_fw_2642_,Pseudogymnoascus sp. VKM F-4519  FW-2642 ,1420914,10630,32578210,FALSE,TRUE,FALSE,FALSE,FALSE,FALSE
pseudogymnoascus_sp_vkm_f_4520_fw_2644_,Pseudogymnoascus sp. VKM F-4520  FW-2644 ,1420915,11551,34096352,FALSE,TRUE,FALSE,FALSE,FALSE,FALSE
pseudogymnoascus_sp_wsf_3629,Pseudogymnoascus sp. WSF 3629,1622147,11033,35517105,FALSE,TRUE,FALSE,FALSE,FALSE,FALSE
pseudogymnoascus_verrucosus,Pseudogymnoascus verrucosus,342668,9581,30174856,FALSE,FALSE,FALSE,FALSE,FALSE,FALSE
pseudoloma_neurophilia,Pseudoloma neurophilia,146866,3644,5248409,FALSE,TRUE,FALSE,FALSE,FALSE,FALSE
pseudozyma_hubeiensis_sy62,Pseudozyma hubeiensis,1305764,7472,18442938,FALSE,FALSE,FALSE,FALSE,FALSE,FALSE
puccinia_graminis,Puccinia graminis,418459,15800,88724376,TRUE,FALSE,FALSE,FALSE,FALSE,FALSE
puccinia_sorghi,Puccinia sorghi,27349,21078,99534058,TRUE,FALSE,FALSE,FALSE,FALSE,FALSE
puccinia_striiformis,Puccinia striiformis,1165861,19562,117391083,TRUE,FALSE,FALSE,FALSE,FALSE,FALSE
puccinia_triticina,Puccinia triticina,630390,11638,162948716,TRUE,FALSE,FALSE,FALSE,FALSE,FALSE
punctularia_strigosozonata_hhb_11173_ss5,Punctularia strigosozonata,741275,2097,34171901,FALSE,FALSE,FALSE,FALSE,TRUE,FALSE
purpureocillium_lilacinum,Purpureocillium lilacinum,33203,11773,38140521,FALSE,TRUE,FALSE,FALSE,FALSE,FALSE
pyrenochaeta_sp_ds3say3a,Pyrenochaeta sp.,765867,14990,38501010,TRUE,FALSE,FALSE,FALSE,FALSE,FALSE
pyrenophora_teres,Pyrenophora teres,861557,11799,33583335,TRUE,FALSE,FALSE,FALSE,FALSE,FALSE
pyrenophora_triticirepentis,Pyrenophora tritici-repentis,426418,12169,37997465,TRUE,FALSE,FALSE,FALSE,FALSE,FALSE
pyronema_omphalodes_cbs_100304,Pyronema omphalodes,1076935,13367,50026054,FALSE,FALSE,FALSE,FALSE,FALSE,FALSE
rasamsonia_emersonii_cbs_393_64,Rasamsonia emersonii,1408163,9843,28248805,FALSE,FALSE,FALSE,FALSE,FALSE,FALSE
rhinocladiella_mackenziei_cbs_650_93,Rhinocladiella mackenziei,1442369,11382,32474431,FALSE,TRUE,FALSE,FALSE,FALSE,FALSE
rhizoctonia_solani_ag_1_ia,Rhizoctonia solani,456999,11897,56028462,TRUE,FALSE,FALSE,FALSE,FALSE,FALSE
rhizophagus_irregularis_daom_181602,Rhizophagus irregularis,747089,29822,90375240,FALSE,FALSE,TRUE,FALSE,FALSE,FALSE
rhizopogon_vinicolor_am_or11_026,Rhizopogon vinicolor,1314800,14465,36102320,FALSE,FALSE,TRUE,FALSE,FALSE,FALSE
rhizopus_delemar_ra_99_880,Rhizopus delemar,246409,17459,46148878,TRUE,FALSE,FALSE,FALSE,FALSE,FALSE
rhodotorula_graminis_wp1,Rhodotorula graminis,578459,7275,21013998,FALSE,FALSE,FALSE,FALSE,FALSE,FALSE
rhodotorula_sp_jg_1b,Rhodotorula sp.,1305733,6681,19393393,FALSE,FALSE,FALSE,FALSE,FALSE,FALSE
rhodotorula_toruloides_np11,Rhodotorula toruloides,5286,7538,20810536,FALSE,FALSE,FALSE,FALSE,FALSE,FALSE
rosellinia_necatrix,Rosellinia necatrix,77044,12444,44257800,FALSE,TRUE,FALSE,FALSE,FALSE,FALSE
rozella_allomycis_csf55,Rozella allomycis,988480,6350,11859274,FALSE,FALSE,FALSE,FALSE,FALSE,FALSE
saccharomyces_arboricola_h_6,Saccharomyces arboricola,1160507,3659,11619520,FALSE,FALSE,FALSE,FALSE,FALSE,FALSE
saccharomyces_cerevisiae_x_saccharomyces_kudriavzevii_vin7,Saccharomyces cerevisiae,1095631,9143,23371538,FALSE,FALSE,FALSE,FALSE,FALSE,FALSE
saccharomyces_eubayanus,Saccharomyces eubayanus,1080349,5379,11734173,FALSE,FALSE,FALSE,FALSE,FALSE,FALSE
saccharomyces_kudriavzevii_ifo_1802,Saccharomyces kudriavzevii,226230,3764,11189057,FALSE,FALSE,FALSE,FALSE,FALSE,FALSE
saccharomyces_sp_boulardii_,Saccharomyces sp.,252598,5482,11999562,FALSE,FALSE,FALSE,FALSE,FALSE,FALSE
saccharomycetaceae_sp_ashbya_aceri_,Saccharomycetaceae sp.,566037,4487,8894523,FALSE,FALSE,FALSE,FALSE,FALSE,FALSE
saitoella_complicata_nrrl_y_17804,Saitoella complicata,698492,7119,14130614,FALSE,FALSE,FALSE,FALSE,FALSE,FALSE
scedosporium_apiospermum,Scedosporium apiospermum,563466,8375,43437139,FALSE,TRUE,FALSE,FALSE,FALSE,FALSE
scheffersomyces_stipitis_cbs_6054,Scheffersomyces stipitis,322104,5817,15441179,FALSE,FALSE,FALSE,FALSE,FALSE,FALSE
schizophyllum_commune_h4_8,Schizophyllum commune,578458,13190,38482026,FALSE,FALSE,FALSE,FALSE,TRUE,FALSE
schizopora_paradoxa,Schizopora paradoxa,27342,17088,44406206,FALSE,FALSE,FALSE,FALSE,FALSE,FALSE
schizosaccharomyces_cryophilus,Schizosaccharomyces cryophilus,653667,5155,11554764,FALSE,FALSE,FALSE,FALSE,FALSE,FALSE
schizosaccharomyces_japonicus,Schizosaccharomyces japonicus,402676,4878,11733154,FALSE,FALSE,FALSE,FALSE,FALSE,FALSE
schizosaccharomyces_octosporus,Schizosaccharomyces octosporus,483514,4986,11634473,FALSE,FALSE,FALSE,FALSE,FALSE,FALSE
schizosaccharomyces_pombe,Schizosaccharomyces pombe,284812,5145,12631379,FALSE,FALSE,FALSE,FALSE,FALSE,FALSE
scleroderma_citrinum_foug_a,Scleroderma citrinum,1036808,20990,56144862,FALSE,FALSE,TRUE,FALSE,FALSE,FALSE
sclerotinia_borealis_f_4157,Sclerotinia borealis,1432307,10166,39450085,TRUE,FALSE,FALSE,FALSE,FALSE,FALSE
sclerotinia_sclerotiorum,Sclerotinia sclerotiorum,665079,10175,27274596,TRUE,FALSE,FALSE,FALSE,FALSE,FALSE
serendipita_indica_dsm_11827,Serendipita indica,1109443,11766,24979980,FALSE,FALSE,FALSE,FALSE,FALSE,TRUE
serendipita_vermifera_maff_305830,Serendipita vermifera,933852,15234,38094242,FALSE,FALSE,FALSE,FALSE,FALSE,TRUE
serpula_lacrymans_var_lacrymans_s7_3,Serpula lacrymans,936435,14481,46993781,FALSE,FALSE,FALSE,FALSE,FALSE,FALSE
setosphaeria_turcica_et28a,Setosphaeria turcica,671987,11698,43013545,TRUE,FALSE,FALSE,FALSE,FALSE,FALSE
sistotremastrum_niveocremeum_hhb9708,Sistotremastrum niveocremeum,1314777,13069,35361098,FALSE,FALSE,FALSE,FALSE,FALSE,TRUE
sistotremastrum_suecicum_hhb10207_ss_3,Sistotremastrum suecicum,1314776,13651,33857913,FALSE,FALSE,FALSE,FALSE,FALSE,TRUE
sordaria_macrospora,Sordaria macrospora,771870,9898,38391383,FALSE,FALSE,FALSE,FALSE,FALSE,FALSE
spathaspora_passalidarum_nrrl_y_27907,Spathaspora passalidarum,619300,5983,13182099,FALSE,FALSE,FALSE,FALSE,FALSE,FALSE
sphaerobolus_stellatus_ss14,Sphaerobolus stellatus,990650,25075,176372157,FALSE,FALSE,FALSE,FALSE,FALSE,FALSE
sphaerulina_musiva_so2202,Sphaerulina musiva,692275,10156,29352103,TRUE,FALSE,FALSE,FALSE,FALSE,FALSE
spizellomyces_punctatus_daom_br117,Spizellomyces punctatus,645134,8950,24131112,FALSE,FALSE,FALSE,FALSE,FALSE,FALSE
sporidiobolus_salmonicolor,Sporidiobolus salmonicolor,5005,4672,20525926,FALSE,TRUE,FALSE,FALSE,FALSE,FALSE
sporisorium_reilianum,Sporisorium reilianum,999809,6673,18476874,TRUE,FALSE,FALSE,FALSE,FALSE,FALSE
sporisorium_scitamineum,Sporisorium scitamineum,49012,7711,19427878,TRUE,FALSE,FALSE,FALSE,FALSE,FALSE
sporothrix_brasiliensis_5110,Sporothrix brasiliensis,1398154,9091,33205847,FALSE,TRUE,FALSE,FALSE,FALSE,FALSE
sporothrix_insectorum_rcef_264,Sporothrix insectorum,1081102,9496,34722120,FALSE,TRUE,FALSE,FALSE,FALSE,FALSE
sporothrix_schenckii_atcc_58251,Sporothrix schenckii,1391915,8674,32228000,FALSE,TRUE,FALSE,FALSE,FALSE,FALSE
spraguea_lophii_42_110,Spraguea lophii,1358809,2499,4980876,FALSE,TRUE,FALSE,FALSE,FALSE,FALSE
stachybotrys_chartarum_ibt_40293,Stachybotrys chartarum,1283842,11368,36012651,FALSE,TRUE,FALSE,FALSE,FALSE,FALSE
stachybotrys_chlorohalonata_ibt_40285,Stachybotrys chlorohalonata,1283841,10706,34390047,FALSE,TRUE,FALSE,FALSE,FALSE,FALSE
stagonospora_sp_src1lsm3a,Stagonospora sp.,765868,14425,36082944,TRUE,FALSE,FALSE,FALSE,FALSE,FALSE
stemphylium_lycopersici,Stemphylium lycopersici,183478,8997,35173254,TRUE,FALSE,FALSE,FALSE,FALSE,FALSE
stereum_hirsutum_fp_91666_ss1,Stereum hirsutum,721885,1612,46511623,FALSE,FALSE,FALSE,FALSE,FALSE,FALSE
sugiyamaella_lignohabitans,Sugiyamaella lignohabitans,796027,5135,15982127,FALSE,FALSE,FALSE,FALSE,FALSE,FALSE
suillus_luteus_uh_slu_lm8_n1,Suillus luteus,930992,18297,37014302,FALSE,FALSE,TRUE,FALSE,FALSE,FALSE
talaromyces_cellulolyticus,Talaromyces cellulolyticus,1472165,1615,36402801,FALSE,FALSE,FALSE,FALSE,FALSE,FALSE
talaromyces_islandicus,Talaromyces islandicus,28573,9927,34715840,FALSE,FALSE,FALSE,FALSE,FALSE,FALSE
talaromyces_marneffei_atcc_18224,Talaromyces marneffei,441960,10022,28643865,FALSE,TRUE,FALSE,FALSE,FALSE,FALSE
talaromyces_stipitatus_atcc_10500,Talaromyces stipitatus,441959,12457,35685443,FALSE,FALSE,FALSE,FALSE,FALSE,FALSE
termitomyces_sp_j132,Termitomyces sp.,1306850,11143,67296805,FALSE,FALSE,FALSE,FALSE,FALSE,FALSE
tetrapisispora_blattae_cbs_6284,Tetrapisispora blattae,1071380,5389,14048593,FALSE,FALSE,FALSE,FALSE,FALSE,FALSE
tetrapisispora_phaffii_cbs_4417,Tetrapisispora phaffii,1071381,5253,12115070,FALSE,FALSE,FALSE,FALSE,FALSE,FALSE
thielavia_terrestris_nrrl_8126,Thielavia terrestris,578455,9802,36912256,FALSE,FALSE,FALSE,FALSE,FALSE,FALSE
thielaviopsis_punctulata,Thielaviopsis punctulata,72032,5296,28117660,TRUE,FALSE,FALSE,FALSE,FALSE,FALSE
tilletia_caries,Tilletia caries,13290,10204,29540861,TRUE,FALSE,FALSE,FALSE,FALSE,FALSE
tilletia_controversa,Tilletia controversa,13291,9860,28841097,TRUE,FALSE,FALSE,FALSE,FALSE,FALSE
tilletia_indica,Tilletia indica,43049,9548,30384772,TRUE,FALSE,FALSE,FALSE,FALSE,FALSE
tilletia_walkeri,Tilletiaria anomala,117179,7970,24344748,TRUE,FALSE,FALSE,FALSE,FALSE,FALSE
tilletiaria_anomala_ubc_951,Tilletia walkeri,1037660,6808,18704010,TRUE,FALSE,FALSE,FALSE,FALSE,FALSE
tolypocladium_ophioglossoides_cbs_100239,Tolypocladium ophioglossoides,1163406,9158,31245833,FALSE,FALSE,FALSE,FALSE,FALSE,FALSE
torrubiella_hemipterigena,Torrubiella hemipterigena,1531966,10773,28476206,FALSE,TRUE,FALSE,FALSE,FALSE,FALSE
tortispora_caseinolytica_nrrl_y_17796,Tortispora caseinolytica,767744,4656,9180161,FALSE,FALSE,FALSE,FALSE,FALSE,FALSE
torulaspora_delbrueckii,Torulaspora delbrueckii,4950,4972,9220678,FALSE,FALSE,FALSE,FALSE,FALSE,FALSE
trachipleistophora_hominis,Trachipleistophora hominis,72359,3212,8498182,FALSE,TRUE,FALSE,FALSE,FALSE,FALSE
trametes_cinnabarina,Trametes cinnabarina,5643,10233,33668918,FALSE,FALSE,FALSE,FALSE,FALSE,FALSE
trametes_versicolor_fp_101664_ss1,Trametes versicolor,717944,1029,44794008,FALSE,FALSE,FALSE,FALSE,FALSE,FALSE
tremella_mesenterica_dsm_1558,Tremella mesenterica,578456,1456,28639919,FALSE,FALSE,TRUE,FALSE,FALSE,FALSE
trichoderma_atroviride_imi_206040,Trichoderma atroviride,452589,11771,36143664,FALSE,FALSE,FALSE,FALSE,FALSE,FALSE
trichoderma_gamsii,Trichoderma gamsii,398673,10944,37970415,FALSE,FALSE,FALSE,TRUE,FALSE,FALSE
trichoderma_harzianum,Trichoderma harzianum,5544,11498,39721542,FALSE,FALSE,FALSE,FALSE,FALSE,FALSE
trichoderma_reesei,Trichoderma reesei,431241,9113,33395713,FALSE,FALSE,FALSE,FALSE,FALSE,FALSE
trichoderma_virens,Trichoderma virens,413071,12400,39022666,FALSE,FALSE,FALSE,FALSE,FALSE,FALSE
trichophyton_equinum_cbs_127_97,Trichophyton equinum,559882,8676,24158205,FALSE,TRUE,FALSE,FALSE,FALSE,FALSE
trichophyton_interdigitale_mr816,Trichophyton interdigitale,1215338,7993,22469575,FALSE,TRUE,FALSE,FALSE,FALSE,FALSE
trichophyton_rubrum_cbs_118892,Trichophyton rubrum,559305,8616,22530013,FALSE,TRUE,FALSE,FALSE,FALSE,FALSE
trichophyton_soudanense_cbs_452_61,Trichophyton soudanense,1215331,8916,22854418,FALSE,TRUE,FALSE,FALSE,FALSE,FALSE
trichophyton_tonsurans_cbs_112818,Trichophyton tonsurans,647933,8521,22988586,FALSE,TRUE,FALSE,FALSE,FALSE,FALSE
trichophyton_verrucosum_hki_0517,Trichophyton verrucosum,663202,8028,22540967,FALSE,TRUE,FALSE,FALSE,FALSE,FALSE
trichophyton_violaceum,Trichophyton violaceum,34388,7037,23367123,FALSE,TRUE,FALSE,FALSE,FALSE,FALSE
trichosporon_asahii_var_asahii_cbs_8904,Trichosporon asahii,1220162,8528,25299608,FALSE,TRUE,FALSE,FALSE,FALSE,FALSE
tsuchiyaea_wingfieldii_cbs_7118,Tsuchiyaea wingfieldii,1295528,8098,19969799,FALSE,FALSE,FALSE,FALSE,FALSE,FALSE
tuber_melanosporum,Tuber melanosporum,656061,7496,124945702,FALSE,FALSE,TRUE,FALSE,FALSE,FALSE
tulasnella_calospora_mut_4182,Tulasnella calospora,1051891,19545,62392858,FALSE,FALSE,TRUE,FALSE,FALSE,FALSE
uncinocarpus_reesii_1704,Uncinocarpus reesii,336963,7760,22349738,FALSE,FALSE,FALSE,FALSE,FALSE,FALSE
ustilaginoidea_virens,Ustilaginoidea virens,1159556,8426,39397682,TRUE,FALSE,FALSE,FALSE,FALSE,FALSE
ustilago_hordei,Ustilago hordei,120017,7109,21150702,TRUE,FALSE,FALSE,FALSE,FALSE,FALSE
ustilago_maydis,Ustilago maydis,237631,6765,19664356,TRUE,FALSE,FALSE,FALSE,FALSE,FALSE
valsa_mali_var_pyri,Valsa mali,694573,10741,35730243,TRUE,FALSE,FALSE,FALSE,FALSE,FALSE
vanderwaltozyma_polyspora_dsm_70294,Vanderwaltozyma polyspora,436907,5328,14674591,FALSE,FALSE,FALSE,FALSE,FALSE,FALSE
vavraia_culicis_subsp_floridensis,Vavraia culicis,948595,2773,6118689,FALSE,TRUE,FALSE,FALSE,FALSE,FALSE
verruconis_gallopava,Verruconis gallopava,253628,9818,31780469,FALSE,TRUE,FALSE,FALSE,FALSE,FALSE
verticillium_alfalfae_vams_102,Verticillium alfalfae,526221,10237,32862988,TRUE,FALSE,FALSE,FALSE,FALSE,FALSE
verticillium_dahliae,Verticillium dahliae,498257,10535,33900324,TRUE,FALSE,FALSE,FALSE,FALSE,FALSE
verticillium_longisporum,Verticillium longisporum,100787,21072,100520033,TRUE,FALSE,FALSE,FALSE,FALSE,FALSE
vittaforma_corneae_atcc_50505,Vittaforma corneae,993615,2238,3213516,FALSE,TRUE,FALSE,FALSE,FALSE,FALSE
wallemia_ichthyophaga_exf_994,Wallemia ichthyophaga,1299270,4865,9655632,FALSE,FALSE,FALSE,FALSE,FALSE,FALSE
wallemia_mellicola_cbs_633_66,Wallemia mellicola,671144,5275,9815586,FALSE,FALSE,FALSE,FALSE,FALSE,FALSE
wickerhamomyces_anomalus_nrrl_y_366_8,Wickerhamomyces anomalus,683960,6421,14145566,FALSE,FALSE,FALSE,FALSE,FALSE,FALSE
wickerhamomyces_ciferrii,Wickerhamomyces ciferrii,1041607,6702,15901152,FALSE,FALSE,FALSE,FALSE,FALSE,FALSE
xanthophyllomyces_dendrorhous,Xanthophyllomyces dendrorhous,5421,6380,19519467,FALSE,FALSE,FALSE,FALSE,FALSE,FALSE
xylona_heveae_tc161,Xylona heveae,1328760,8201,24337763,FALSE,FALSE,FALSE,TRUE,FALSE,FALSE
yarrowia_lipolytica,Yarrowia lipolytica,284591,6448,20502981,FALSE,FALSE,FALSE,FALSE,FALSE,FALSE
zygosaccharomyces_bailii_isa1307,Zygosaccharomyces bailii,1355161,9925,21141148,FALSE,FALSE,FALSE,FALSE,FALSE,FALSE
zygosaccharomyces_rouxii,Zygosaccharomyces rouxii,4956,4991,9764635,FALSE,FALSE,FALSE,FALSE,FALSE,FALSE
zymoseptoria_brevis,Zymoseptoria brevis,1047168,10566,31914300,TRUE,FALSE,FALSE,FALSE,FALSE,FALSE
zymoseptoria_tritici,Zymoseptoria tritici,336722,10933,39686251,TRUE,FALSE,FALSE,FALSE,FALSE,FALSE
